name,email,phone_number,branch
Gabriela Lewandowska,gabriela.lewandowska@gmail.com,48571317645,Gdańsk
Marek Baran,marek.baran@gmail.com,48636772020,Poznań
Dariusz Majewski,dariusz.majewski@gmail.com,48603360168,Łódź
Elżbieta Woźniak,elżbieta.woźniak@gmail.com,48530706998,Gdańsk
Lech Pawłowski,lech.pawłowski@gmail.com,48581419369,Łódź
Błażej Jabłoński,błażej.jabłoński@gmail.com,48514741691,Poznań
Kacper Szewczyk,kacper.szewczyk@gmail.com,48659943217,Kraków
Mateusz Wieczorek,mateusz.wieczorek@gmail.com,48602609301,Kraków
Mariusz Górski,mariusz.górski@gmail.com,48658755946,Poznań
Józef Rutkowski,józef.rutkowski@gmail.com,48701300790,Kraków
Jarosław Górski,jarosław.górski@gmail.com,48752374605,Gdańsk
Izabela Kamińska,izabela.kamińska@gmail.com,48636774922,Warszawa
Marianna Mazur,marianna.mazur@gmail.com,48786130609,Warszawa
Barbara Majewska,barbara.majewska@gmail.com,48786852817,Łódź
Cezary Adamczyk,cezary.adamczyk@gmail.com,48658673152,Poznań
Filip Kamiński,filip.kamiński@gmail.com,48578951669,Kraków
Lidia Krawczyk,lidia.krawczyk@gmail.com,48807861370,Gdańsk
Dariusz Dudek,dariusz.dudek@gmail.com,48726051139,Poznań
Józef Pietrzak,józef.pietrzak@gmail.com,48513194414,Warszawa
Mateusz Ostrowski,mateusz.ostrowski@gmail.com,48583897570,Warszawa
Celina Zielińska,celina.zielińska@gmail.com,48658398919,Gdańsk
Jerzy Król,jerzy.król@gmail.com,48654040493,Łódź
Andrzej Michalak,andrzej.michalak@gmail.com,48658203785,Gdańsk
Alicja Król,alicja.król@gmail.com,48667908125,Kraków
Mateusz Nowak,mateusz.nowak@gmail.com,48807317550,Kraków
Leon Michalski,leon.michalski@gmail.com,48790665623,Poznań
Emil Szewczyk,emil.szewczyk@gmail.com,48665878541,Kraków
Edyta Król,edyta.król@gmail.com,48679642488,Kraków
Jan Tomaszewski,jan.tomaszewski@gmail.com,48616053104,Warszawa
Kazimiera Malinowska,kazimiera.malinowska@gmail.com,48586717432,Kraków
Jarosław Baran,jarosław.baran@gmail.com,48730816837,Poznań
Bartosz Mazur,bartosz.mazur@gmail.com,48583976739,Warszawa
Mateusz Kwiatkowski,mateusz.kwiatkowski@gmail.com,48621107716,Gdańsk
Kajetan Dąbrowski,kajetan.dąbrowski@gmail.com,48798029868,Kraków
Ewa Stępień,ewa.stępień@gmail.com,48698068449,Warszawa
Franciszek Jaworski,franciszek.jaworski@gmail.com,48765877270,Poznań
Filip Pietrzak,filip.pietrzak@gmail.com,48677628609,Kraków
Maciej Nowicki,maciej.nowicki@gmail.com,48530949129,Warszawa
Jerzy Tomaszewski,jerzy.tomaszewski@gmail.com,48747379541,Kraków
Izabela Pietrzak,izabela.pietrzak@gmail.com,48656476957,Gdańsk
Danuta Jabłońska,danuta.jabłońska@gmail.com,48567210846,Warszawa
Łukasz Zając,łukasz.zając@gmail.com,48561965771,Poznań
Marian Kamiński,marian.kamiński@gmail.com,48755873262,Poznań
Filip Wróblewski,filip.wróblewski@gmail.com,48504366933,Kraków
Emilia Wiśniewska,emilia.wiśniewska@gmail.com,48692716193,Łódź
Marian Dąbrowski,marian.dąbrowski@gmail.com,48697070781,Warszawa
Grzegorz Zalewski,grzegorz.zalewski@gmail.com,48745648468,Poznań
Bartosz Zieliński,bartosz.zieliński@gmail.com,48731478603,Kraków
Anita Pietrzak,anita.pietrzak@gmail.com,48686791920,Poznań
Artur Górski,artur.górski@gmail.com,48569771317,Gdańsk
Krzysztof Zając,krzysztof.zając@gmail.com,48570908346,Warszawa
Jadwiga Walczak,jadwiga.walczak@gmail.com,48798408520,Kraków
Jacek Dudek,jacek.dudek@gmail.com,48752614319,Kraków
Maria Jankowska,maria.jankowska@gmail.com,48616595037,Łódź
Elżbieta Jankowska,elżbieta.jankowska@gmail.com,48812507593,Kraków
Katarzyna Zalewska,katarzyna.zalewska@gmail.com,48800714789,Warszawa
Daniel Zając,daniel.zając@gmail.com,48578243656,Warszawa
Barbara Zając,barbara.zając@gmail.com,48608828255,Kraków
Damian Jankowski,damian.jankowski@gmail.com,48741170054,Kraków
Bartłomiej Walczak,bartłomiej.walczak@gmail.com,48557344921,Warszawa
Halina Mazur,halina.mazur@gmail.com,48566777645,Kraków
Damian Kozłowski,damian.kozłowski@gmail.com,48717394228,Kraków
Anna Grabowska,anna.grabowska@gmail.com,48717378087,Łódź
Filip Szewczyk,filip.szewczyk@gmail.com,48798591589,Łódź
Dawid Piotrowski,dawid.piotrowski@gmail.com,48797353337,Gdańsk
Mateusz Wieczorek,mateusz.wieczorek@gmail.com,48688560906,Gdańsk
Hubert Mazur,hubert.mazur@gmail.com,48520701101,Łódź
Edyta Jankowska,edyta.jankowska@gmail.com,48581140295,Poznań
Bolesław Wiśniewski,bolesław.wiśniewski@gmail.com,48527358447,Łódź
Halina Pietrzak,halina.pietrzak@gmail.com,48630436682,Poznań
Hanna Zając,hanna.zając@gmail.com,48667116574,Kraków
Adrian Zając,adrian.zając@gmail.com,48755329148,Poznań
Kinga Majewska,kinga.majewska@gmail.com,48814165133,Kraków
Danuta Piotrowska,danuta.piotrowska@gmail.com,48779837288,Łódź
Jadwiga Wróblewska,jadwiga.wróblewska@gmail.com,48766903939,Gdańsk
Błażej Rutkowski,błażej.rutkowski@gmail.com,48633868229,Warszawa
Kacper Zieliński,kacper.zieliński@gmail.com,48521994358,Gdańsk
Bogdan Wiśniewski,bogdan.wiśniewski@gmail.com,48709155469,Gdańsk
Karolina Pietrzak,karolina.pietrzak@gmail.com,48701940530,Łódź
Kinga Wróblewska,kinga.wróblewska@gmail.com,48763779002,Poznań
Franciszek Wiśniewski,franciszek.wiśniewski@gmail.com,48730842712,Kraków
Emilia Olszewska,emilia.olszewska@gmail.com,48716029699,Poznań
Eryk Woźniak,eryk.woźniak@gmail.com,48775781740,Poznań
Małgorzata Lewandowska,małgorzata.lewandowska@gmail.com,48770902632,Kraków
Dagmara Witkowska,dagmara.witkowska@gmail.com,48804749455,Warszawa
Marta Pawłowska,marta.pawłowska@gmail.com,48806032833,Łódź
Jarosław Zalewski,jarosław.zalewski@gmail.com,48553314189,Łódź
Eryk Wróblewski,eryk.wróblewski@gmail.com,48608488280,Poznań
Cyprian Górski,cyprian.górski@gmail.com,48691121749,Kraków
Anna Woźniak,anna.woźniak@gmail.com,48797156094,Kraków
Irena Ostrowska,irena.ostrowska@gmail.com,48816923767,Kraków
Henryk Wójcik,henryk.wójcik@gmail.com,48741802180,Gdańsk
Amelia Majewska,amelia.majewska@gmail.com,48666012882,Poznań
Bożena Wójcik,bożena.wójcik@gmail.com,48734794542,Gdańsk
Halina Zalewska,halina.zalewska@gmail.com,48687043393,Warszawa
Edward Krawczyk,edward.krawczyk@gmail.com,48519239515,Gdańsk
Amelia Kaczmarek,amelia.kaczmarek@gmail.com,48569731369,Warszawa
Marianna Jaworska,marianna.jaworska@gmail.com,48807829020,Kraków
Damian Majewski,damian.majewski@gmail.com,48587177261,Kraków
Kacper Kaczmarek,kacper.kaczmarek@gmail.com,48667543546,Kraków
